ID,Label
964497663382212000,gagegunter06
1511766358647870000,ReceiverDrills
824273520121315000,TarynPhillipsQ3
1381287186528660000,KillTheWoke
1504100138259650000,DrewB0769
1520807093368130000,FerdyFerdyanto3
1455958870917060000,BurmaJi123
1527631807730030000,Marlene84084695
1527632804367970000,Lidd00522748
1527632764631230000,JacksonTavelle
739416211,WadhefaDotCom
1527632360774190000,APapasoteriou
1527632643839380000,cn_speris
1276739860364160000,DaddyBugsio
1527636606240300000,Danette33783588
1527636204908310000,funnyguybtw
963938472,Palazzo_Chigi
1527640155972150000,oktav_davut
2177366923,KumariDiya
280121510,LarryHogan
4012126155,GeneralStaffUA
1046548502422190000,SouthingtonFD
35385380,KPD_13
3390937060,RebeuDeter
44196397,elonmusk
28785486,ABC
20536157,Google
50393960,BillGates
2341888057,NetflixFR
2705431680,CreativaPanama
966868662085922000,HeySantYT
335060282,ECMcLaughlin
1333467482,CoinDesk
361289499,BitcoinMagazine
786424290791096000,JAT_SAMAAJ
3429950987,engineers_feed
291734275,mcpnews
1269132220725410000,dreamwastaken
1508195966553400000,Runsthrowsjumps
991174051145113000,SbastienMlires1
53487707,eber_dc
996365064667123000,TubboLive
1289076141798620000,Dream__Fanart
1169691558792310000,TSP_MILITARY
2557521,espn
385562752,litecoin
57556007,nickmangwana
139202687,CreMorales
1271518687737130000,PBRMIScout
1527632593616780000,YusufHamzaVura1
1527636188768750000,PatrickJuniorR4
1527634791276890000,FaresOurzeddine
1527635409370590000,bllee1945
1527640380778460000,RonnieFortier
1527636362132060000,Duc321131233
1527640245059080000,metehanege14
1527642042901350000,Timjaydkim
1504501898258260000,Barbiegrl98
1527640150762830000,KellyGulbrands3
1138396700,MythinformedMKE
1671949686,sekitarbandung_
785861451235885000,Inoxtag
312762502,jahprayzah
11525172,Fenerbahce
73672445,daddyhope
38271276,mtaibbi
198975780,Jumpman23
2455740283,MrBeast
77277491,iannogueira_lor
1374968033265860000,TaraBull808
14499829,WHO
742143,BBCWorld
1424015225708290000,sean_wesolek
760029905006592000,TembaMliswa
765245597188227000,Dayi
199743355,Real_gr
3310238405,NetflixIT
268439864,xtina
58287890,lascapigliata8
231579149,NetflixBrasil
1527628125022330000,maxsecretarea
1527639846403050000,no_drou
1346439824,rajnathsingh
1527639743248350000,DLyana8
1527639705893730000,Umesh84703793
1522786275224390000,Audrey64582814
3342510514,CNNgreece
1333121140642990000,postingeanime
13298072,Tesla
15717766,mikalgilmore
846038308014755000,Suriyakmaps
223550648,tuncsoyer
1383669896303620000,mimi982298
373909732,enikos_gr
1527640223206740000,ZQytb
10671602,PlayStation
448759064,FahadMubarak0
275198351,jdhorton99
240884573,CorinnaKopf
713993413,SkySportsPL
3827830753,IAmPoliticsGirl
923231030160400000,Dpol_un
860011326,nanatega
894748894789115000,JamesADamore
16573941,netflix
1120633726478820000,ZelenskyyUa
1673297485,quetiapina1
3398860367,Michoucroute_
15506669,JeffBezos
231809215,j_castelobranco
1349149096909660000,POTUS
11417802,jgebbia
1352770555020230000,oficialmaia
1134582624,1gheith
128372940,jairbolsonaro
1052160384457720000,Punztw
1483930779759660000,DQLAW1
2747475893,loveoddities
1510394708027090000,JoelF432
1527632794280940000,MauraSchoebel
1527639757400020000,Umminuto22
1527640367348290000,SimonA81958544
1527643014683930000,ZDebaeva
1486976250837140000,Anthony80222353
1527639376322230000,assuv_
3026140439,ProfJNMoyo
1326197612404330000,vsbg_asia
1172971086843190000,CuteAlvia078
1519403534235620000,AsmaaRH7
895332160130891000,neuralink
44196397,elonmusk
276540738,Grimezsz
17585653,dillondanis
785584050,uau_5
1385007985701830000,Balldon64307120
34743251,SpaceX
35094637,aliciakeys
335141638,BTS_twt
22798877,umichbaseball
1229454470318290000,EstagiarioVasco
1246502336983370000,SoyGabyMirabal
1330672973443960000,cuteanimalspict
80323736,ridwankamil
178940322,dishub_jabar
728409566338146000,historydefined
1252566042699800000,lorranyrissi
1327298928690250000,widerlenspod
1409798257,bts_bighit
447895686,edmnangagwa
278020879,Ellinofreneia
948505518535991000,Tokocrypto
1367531,FoxNews
